date,predicted_passengers,lower_bound,upper_bound,origin,destination,time_slot
2025-09-01,63.830812559504075,49.327467988645424,78.31360919917523,Megenagna,Kara,Morning
2025-09-02,65.57344224559502,51.25375128780035,81.2565422467071,Megenagna,Kara,Morning
2025-09-03,65.39234901970501,49.34169592334345,80.44337633607736,Megenagna,Kara,Morning
2025-09-04,62.409764457461904,47.59841847293846,76.93885595074353,Megenagna,Kara,Morning
2025-09-05,60.37804239397027,45.870476243959935,76.02878491096298,Megenagna,Kara,Morning
2025-09-06,51.782029656383024,37.21816082597616,66.87869281668249,Megenagna,Kara,Morning
2025-09-07,51.74709392134953,37.31999231666519,65.56806003824305,Megenagna,Kara,Morning
2025-09-08,62.05905489811861,47.72445421272587,77.01977305728758,Megenagna,Kara,Morning
2025-09-09,63.81767830803977,48.42322650923502,77.70831570360295,Megenagna,Kara,Morning
2025-09-10,63.68539029977607,49.38317897348397,78.74756118933894,Megenagna,Kara,Morning
2025-09-11,59.453586575939745,44.258150811708546,74.71278877728588,Megenagna,Kara,Morning
2025-09-12,59.64273845030946,44.297520353725204,74.88136947481533,Megenagna,Kara,Morning
2025-09-13,52.52153427998986,38.41967109381836,67.611774213991,Megenagna,Kara,Morning
2025-09-14,50.551526763181556,34.35434413635614,65.7083085275328,Megenagna,Kara,Morning
2025-09-15,61.06105216625139,46.28597906759135,75.8369435518363,Megenagna,Kara,Morning
2025-09-16,63.0390203068117,48.07629463162538,78.36075625104782,Megenagna,Kara,Morning
2025-09-17,63.14377178855623,48.02781163571721,78.98398291840506,Megenagna,Kara,Morning
2025-09-18,60.49294514771438,44.888934696366114,75.43440506721035,Megenagna,Kara,Morning
2025-09-19,58.83320407608024,44.076643200572114,73.22471175887803,Megenagna,Kara,Morning
2025-09-20,50.64272072625236,35.02263189977722,65.0381741439112,Megenagna,Kara,Morning
2025-09-21,51.039342825863244,37.0070716440993,65.80080790583196,Megenagna,Kara,Morning
2025-09-22,61.80068764850413,47.3649019883126,76.73302684629942,Megenagna,Kara,Morning
2025-09-23,64.0178184781364,49.88621990459894,79.10254988771524,Megenagna,Kara,Morning
2025-09-24,64.34415678555698,49.45291241869027,78.86477015855276,Megenagna,Kara,Morning
2025-09-25,61.89278949968713,47.33466601879871,76.83948113391202,Megenagna,Kara,Morning
2025-09-26,60.40630835183459,46.24772085736202,75.4131430523664,Megenagna,Kara,Morning
2025-09-27,52.35939429023355,38.48443093732573,67.76640767323434,Megenagna,Kara,Morning
2025-09-28,52.86707194483228,38.50942469689606,67.79561827102755,Megenagna,Kara,Morning
2025-09-29,63.704874783871226,48.32869415295892,78.01851284631437,Megenagna,Kara,Morning
2025-09-30,65.9625746007369,50.42147725545928,79.52208839696557,Megenagna,Kara,Morning
2025-09-01,46.86119037075705,32.16583128701677,60.95899176808996,Megenagna,Kara,Afternoon
2025-09-02,45.56256466566128,31.480566706396683,60.978721414450504,Megenagna,Kara,Afternoon
2025-09-03,47.71449788014817,33.11896548778465,64.16024704695708,Megenagna,Kara,Afternoon
2025-09-04,51.261353300593825,37.40858082228751,66.08759098283218,Megenagna,Kara,Afternoon
2025-09-05,48.841047996963184,34.80925805505111,63.90628984421009,Megenagna,Kara,Afternoon
2025-09-06,38.0053072060377,23.608540240917215,54.32436798446626,Megenagna,Kara,Afternoon
2025-09-07,40.60071692140002,26.400211651112528,56.32261411299546,Megenagna,Kara,Afternoon
2025-09-08,47.66808477459447,32.37084059055759,62.110424312659156,Megenagna,Kara,Afternoon
2025-09-09,46.307654689165346,31.54208008165646,62.77607398466637,Megenagna,Kara,Afternoon
2025-09-10,48.39406207508127,33.52772364521038,62.68093164047221,Megenagna,Kara,Afternoon
2025-09-11,54.51479892721824,39.252206914628324,71.37853137300456,Megenagna,Kara,Afternoon
2025-09-12,45.05728928682804,29.219587251997076,59.48078350106316,Megenagna,Kara,Afternoon
2025-09-13,31.518487838099187,15.784040378577112,46.93732777082823,Megenagna,Kara,Afternoon
2025-09-14,41.027978506815764,24.227313652369666,56.18605226297403,Megenagna,Kara,Afternoon
2025-09-15,48.04421686253549,32.87752375338749,62.83482254207446,Megenagna,Kara,Afternoon
2025-09-16,46.64008931938897,31.215737643923912,62.383938992349506,Megenagna,Kara,Afternoon
2025-09-17,48.69091679763127,32.593539457245804,63.333459626108265,Megenagna,Kara,Afternoon
2025-09-18,52.14388569061025,37.9359705274213,67.32746492675594,Megenagna,Kara,Afternoon
2025-09-19,49.63918257553974,34.43200301787314,63.79733788595107,Megenagna,Kara,Afternoon
2025-09-20,38.73021324600238,24.156331903407185,53.62229597323238,Megenagna,Kara,Afternoon
2025-09-21,41.26464110182449,26.34396103863424,56.79936262791679,Megenagna,Kara,Afternoon
2025-09-22,48.28375457733258,33.34820318828377,63.416323211359654,Megenagna,Kara,Afternoon
2025-09-23,46.887708046794955,31.872923695204317,60.93649669868348,Megenagna,Kara,Afternoon
2025-09-24,48.95052134018369,34.1514714113201,62.958423118684955,Megenagna,Kara,Afternoon
2025-09-25,52.417988875833814,37.45075851538416,67.04053107364211,Megenagna,Kara,Afternoon
2025-09-26,49.92887436909404,35.464737513213,65.38371748247644,Megenagna,Kara,Afternoon
2025-09-27,39.035188741361054,24.868734952275048,53.89899921913295,Megenagna,Kara,Afternoon
2025-09-28,41.58328430219717,25.496938167297696,55.75133150762415,Megenagna,Kara,Afternoon
2025-09-29,48.6132730742661,33.658960249044824,63.88373521867811,Megenagna,Kara,Afternoon
2025-09-30,47.2243120943816,32.39074794978803,62.1557806236463,Megenagna,Kara,Afternoon
2025-09-01,56.75758848928526,42.03764127481857,71.43410947624848,Megenagna,Kara,Evening
2025-09-02,58.47863154066293,44.10655154952551,72.93584779734005,Megenagna,Kara,Evening
2025-09-03,58.49796670379183,43.87958258399578,73.08972071791969,Megenagna,Kara,Evening
2025-09-04,59.66621872765844,44.06199379872716,74.40218767758229,Megenagna,Kara,Evening
2025-09-05,58.14782379136768,42.86764724617931,71.3977118004482,Megenagna,Kara,Evening
2025-09-06,49.252297762175886,34.23223695583711,65.69903719773893,Megenagna,Kara,Evening
2025-09-07,45.30723281994128,30.41874208849811,60.36117284818685,Megenagna,Kara,Evening
2025-09-08,55.91897807724476,41.04271362781483,71.5072597973936,Megenagna,Kara,Evening
2025-09-09,57.80710206637958,43.61237402895671,72.97869261768363,Megenagna,Kara,Evening
2025-09-10,58.00590315288065,42.303435552885645,73.28230946169677,Megenagna,Kara,Evening
2025-09-11,54.12131659336546,38.39241228513791,68.96584422296728,Megenagna,Kara,Evening
2025-09-12,55.29408060842489,40.452794319200045,70.3975102163512,Megenagna,Kara,Evening
2025-09-13,51.824663902362644,36.66343610097814,67.41130231131098,Megenagna,Kara,Evening
2025-09-14,45.555741238455525,28.590003090735184,60.54708294931274,Megenagna,Kara,Evening
2025-09-15,56.33202107645006,40.52894922552178,71.65341774399302,Megenagna,Kara,Evening
2025-09-16,58.366302524576,43.574306523935014,73.42567067309193,Megenagna,Kara,Evening
2025-09-17,58.688388553191324,43.978445929189014,73.69301014535546,Megenagna,Kara,Evening
2025-09-18,60.14004688747285,44.41751180092532,75.51318364264948,Megenagna,Kara,Evening
2025-09-19,58.87721025254929,43.60905121371007,73.57850170165196,Megenagna,Kara,Evening
2025-09-20,50.201470897953186,35.59843967867871,65.58016557510635,Megenagna,Kara,Evening
2025-09-21,46.43328906909478,30.887126472172376,61.545397967063586,Megenagna,Kara,Evening
2025-09-22,57.172865417404864,41.5246449485108,71.48755218461072,Megenagna,Kara,Evening
2025-09-23,59.134770154908075,43.54138348906935,74.98518513447264,Megenagna,Kara,Evening
2025-09-24,59.349590654198735,43.021240406921805,74.20733107703555,Megenagna,Kara,Evening
2025-09-25,60.66074387363241,47.142049851818726,75.05040968088763,Megenagna,Kara,Evening
2025-09-26,59.22663844899797,44.75636325153451,74.84401480605764,Megenagna,Kara,Evening
2025-09-27,50.352110228667094,35.107542477491414,64.43622031181779,Megenagna,Kara,Evening
2025-09-28,46.36155261334548,31.816708320706255,61.5836469569443,Megenagna,Kara,Evening
2025-09-29,56.85969387786982,41.032784151418134,71.49438765360459,Megenagna,Kara,Evening
2025-09-30,58.566116891089024,43.36070525758247,74.01196582979351,Megenagna,Kara,Evening
2025-09-01,69.01291304489452,54.60722797821711,84.60887579157074,Kore Mekanisa,Lideta,Morning
2025-09-02,67.95913119063245,52.47668034985344,82.14711902472423,Kore Mekanisa,Lideta,Morning
2025-09-03,69.64089127013372,54.284355603772326,84.27161019440015,Kore Mekanisa,Lideta,Morning
2025-09-04,66.96302373598624,51.833620081692935,82.33347718872673,Kore Mekanisa,Lideta,Morning
2025-09-05,67.421484214807,52.09508287730073,83.40528325540042,Kore Mekanisa,Lideta,Morning
2025-09-06,58.69411167138409,43.57498560108096,72.02821855370595,Kore Mekanisa,Lideta,Morning
2025-09-07,57.50760879892977,42.50240305962501,71.93058728623764,Kore Mekanisa,Lideta,Morning
2025-09-08,69.83435982121702,52.89841597430468,83.28325972836906,Kore Mekanisa,Lideta,Morning
2025-09-09,68.54087348449322,54.12199171036763,82.52329777210089,Kore Mekanisa,Lideta,Morning
2025-09-10,69.98283452121981,54.91805675742955,84.88035471059705,Kore Mekanisa,Lideta,Morning
2025-09-11,58.708603548248796,43.17973824096496,73.80722361971169,Kore Mekanisa,Lideta,Morning
2025-09-12,56.056598422885656,40.60039952471196,69.5982448373286,Kore Mekanisa,Lideta,Morning
2025-09-13,55.474475312542424,39.971457711491865,69.57025216499956,Kore Mekanisa,Lideta,Morning
2025-09-14,56.97138026120204,42.525456483366725,72.27277434244952,Kore Mekanisa,Lideta,Morning
2025-09-15,69.117880629872,53.42604088504045,83.71113084181377,Kore Mekanisa,Lideta,Morning
2025-09-16,67.6664064186864,52.923429334269485,82.2612003693173,Kore Mekanisa,Lideta,Morning
2025-09-17,68.97515496056354,53.69825412615809,84.03467012355013,Kore Mekanisa,Lideta,Morning
2025-09-18,65.95509307363112,49.963115219124916,80.91890789605715,Kore Mekanisa,Lideta,Morning
2025-09-19,66.1076516726807,52.22285668695802,81.44352331404947,Kore Mekanisa,Lideta,Morning
2025-09-20,57.11535286605802,41.85897594894698,71.79280341143604,Kore Mekanisa,Lideta,Morning
2025-09-21,55.70867382697293,40.55700850249437,70.15971155122874,Kore Mekanisa,Lideta,Morning
2025-09-22,67.86276600586515,53.51483191890062,83.43205897472224,Kore Mekanisa,Lideta,Morning
2025-09-23,66.44582051963845,51.51460654553104,81.69501380296333,Kore Mekanisa,Lideta,Morning
2025-09-24,67.81406563845641,52.75770765984157,82.1107328303927,Kore Mekanisa,Lideta,Morning
2025-09-25,64.87587846418276,49.477049569659606,79.63841339632064,Kore Mekanisa,Lideta,Morning
2025-09-26,65.12953336821523,49.69890741271614,79.08330363417538,Kore Mekanisa,Lideta,Morning
2025-09-27,56.25389834072965,41.72196284475939,71.16938422226846,Kore Mekanisa,Lideta,Morning
2025-09-28,54.975382230735256,38.96895945868838,69.22566203812485,Kore Mekanisa,Lideta,Morning
2025-09-29,67.2647497233044,51.36526465798938,81.16717034244446,Kore Mekanisa,Lideta,Morning
2025-09-30,65.9855927886576,50.667311785178455,80.27910055050118,Kore Mekanisa,Lideta,Morning
2025-09-01,51.92181490351808,36.70281748308917,65.72351177278014,Kore Mekanisa,Lideta,Afternoon
2025-09-02,50.02961015731453,35.7652362212747,65.00605131025416,Kore Mekanisa,Lideta,Afternoon
2025-09-03,51.08266413582243,36.800557830845015,65.0562849900897,Kore Mekanisa,Lideta,Afternoon
2025-09-04,50.27444502004401,35.132058973019184,66.04916154958049,Kore Mekanisa,Lideta,Afternoon
2025-09-05,51.50601592471954,36.80013972388929,65.9046852463312,Kore Mekanisa,Lideta,Afternoon
2025-09-06,41.01320232749852,26.531000941250326,54.85505117065149,Kore Mekanisa,Lideta,Afternoon
2025-09-07,41.18393013905271,26.9519044876125,55.32978317753347,Kore Mekanisa,Lideta,Afternoon
2025-09-08,50.449179667635676,35.92571902070608,65.5580854340872,Kore Mekanisa,Lideta,Afternoon
2025-09-09,48.53310117533496,34.58056350562259,62.97637787814561,Kore Mekanisa,Lideta,Afternoon
2025-09-10,49.58913290280963,34.40448568497005,64.55024050490516,Kore Mekanisa,Lideta,Afternoon
2025-09-11,51.93048748762751,37.4738441116264,66.28628344408257,Kore Mekanisa,Lideta,Afternoon
2025-09-12,48.936942992948694,34.098999627967224,63.1518243016449,Kore Mekanisa,Lideta,Afternoon
2025-09-13,35.403606363626125,20.885370000816224,49.587127236094965,Kore Mekanisa,Lideta,Afternoon
2025-09-14,39.95677988713703,24.82231879401741,54.36959479606615,Kore Mekanisa,Lideta,Afternoon
2025-09-15,49.344539632431655,34.14157423797155,64.6863072147704,Kore Mekanisa,Lideta,Afternoon
2025-09-16,47.568691519277344,31.44380609586058,62.40160594071422,Kore Mekanisa,Lideta,Afternoon
2025-09-17,48.77966207123499,34.1383403827771,63.657099585670075,Kore Mekanisa,Lideta,Afternoon
2025-09-18,48.16725296524977,33.647154790370415,63.47192089955141,Kore Mekanisa,Lideta,Afternoon
2025-09-19,49.62810798569335,34.40372562536784,64.93878322401939,Kore Mekanisa,Lideta,Afternoon
2025-09-20,39.392952393910555,24.777990069905464,54.0422665120651,Kore Mekanisa,Lideta,Afternoon
2025-09-21,39.844017889377376,25.750189997957197,54.811330577174324,Kore Mekanisa,Lideta,Afternoon
2025-09-22,49.40609734850782,35.0197180202446,64.62874550586889,Kore Mekanisa,Lideta,Afternoon
2025-09-23,47.79677363420474,32.37004549205827,61.35320503265972,Kore Mekanisa,Lideta,Afternoon
2025-09-24,49.162661618583996,33.913627661467935,63.10538191041584,Kore Mekanisa,Lideta,Afternoon
2025-09-25,48.68994729494607,34.18684369164596,63.15753501834305,Kore Mekanisa,Lideta,Afternoon
2025-09-26,50.2719352546816,35.14876523755685,64.04891452684117,Kore Mekanisa,Lideta,Afternoon
2025-09-27,40.13636534940181,26.35036380932453,54.03884924858377,Kore Mekanisa,Lideta,Afternoon
2025-09-28,40.66290990344815,26.057601261921207,55.509685269354954,Kore Mekanisa,Lideta,Afternoon
2025-09-29,50.27429387672352,35.58552401394643,64.6264710437469,Kore Mekanisa,Lideta,Afternoon
2025-09-30,48.68658055271968,33.90891581414454,62.59175560239519,Kore Mekanisa,Lideta,Afternoon
2025-09-01,57.580330455812884,43.05729947005019,72.32743846925169,Kore Mekanisa,Lideta,Evening
2025-09-02,55.05007628886598,40.43437751656968,70.4466434891607,Kore Mekanisa,Lideta,Evening
2025-09-03,57.38921758882137,43.218954357065364,72.18938012267819,Kore Mekanisa,Lideta,Evening
2025-09-04,54.45507587262813,39.81525630505467,69.39409735983872,Kore Mekanisa,Lideta,Evening
2025-09-05,56.434339302027475,41.15073379312432,70.69961622495366,Kore Mekanisa,Lideta,Evening
2025-09-06,46.54119635445731,31.011059914166683,60.61299709027442,Kore Mekanisa,Lideta,Evening
2025-09-07,47.96635183177203,32.887000000672096,62.12526616849994,Kore Mekanisa,Lideta,Evening
2025-09-08,57.91175185545526,42.75387457325565,73.5318064262748,Kore Mekanisa,Lideta,Evening
2025-09-09,55.34773327603666,41.2857185096727,69.69254054497131,Kore Mekanisa,Lideta,Evening
2025-09-10,57.660501316048425,43.57420037106698,73.1408155799934,Kore Mekanisa,Lideta,Evening
2025-09-11,49.20642913548848,34.59980857318945,64.82995357762894,Kore Mekanisa,Lideta,Evening
2025-09-12,49.00143383441171,34.028372715565816,63.796039094508146,Kore Mekanisa,Lideta,Evening
2025-09-13,44.62954473983223,29.13841191922072,59.71305415737299,Kore Mekanisa,Lideta,Evening
2025-09-14,48.2741725574538,33.47767496665224,61.62317097571394,Kore Mekanisa,Lideta,Evening
2025-09-15,58.27627942833829,44.17987168287347,73.25749698605142,Kore Mekanisa,Lideta,Evening
2025-09-16,55.7902565409778,42.44377185387578,71.5014210707151,Kore Mekanisa,Lideta,Evening
2025-09-17,58.201958073737316,43.37839504700184,73.84464454400081,Kore Mekanisa,Lideta,Evening
2025-09-18,55.371216564627304,41.43040580960055,70.20430397216747,Kore Mekanisa,Lideta,Evening
2025-09-19,57.48592322394774,42.86178895763897,72.78174264045373,Kore Mekanisa,Lideta,Evening
2025-09-20,47.760069196469956,33.49013273141446,61.766283950063226,Kore Mekanisa,Lideta,Evening
2025-09-21,49.38271325938398,33.794037878862305,64.75499507679758,Kore Mekanisa,Lideta,Evening
2025-09-22,59.552704861925385,46.5577081419653,74.58460322670166,Kore Mekanisa,Lideta,Evening
2025-09-23,57.235878820864485,43.50630686715133,70.72501052795174,Kore Mekanisa,Lideta,Evening
2025-09-24,59.81262496929286,45.93846757450374,74.03826844701453,Kore Mekanisa,Lideta,Evening
2025-09-25,57.137032520646386,43.11133767593727,71.36362738899143,Kore Mekanisa,Lideta,Evening
2025-09-26,59.3911387721198,45.42981226181966,73.25881420251326,Kore Mekanisa,Lideta,Evening
2025-09-27,49.78314702699704,36.244293067010844,64.39194457863385,Kore Mekanisa,Lideta,Evening
2025-09-28,51.49657418948131,36.861657521772486,65.65170143761573,Kore Mekanisa,Lideta,Evening
2025-09-29,61.725151744074054,45.981506928420934,76.18817207107658,Kore Mekanisa,Lideta,Evening
2025-09-30,59.43019122304143,45.31955401737092,73.78397197117572,Kore Mekanisa,Lideta,Evening
2025-09-01,62.3900396678591,47.55350616956929,78.77164168412384,Ayertena,Mexico,Morning
2025-09-02,64.08881246416037,48.83284465746201,79.37905277512768,Ayertena,Mexico,Morning
2025-09-03,64.02355731491437,50.05775617586678,80.25651304799042,Ayertena,Mexico,Morning
2025-09-04,63.21509319380796,48.277394054066264,79.04494464733264,Ayertena,Mexico,Morning
2025-09-05,62.621278008007714,47.091751721934976,78.10568844414608,Ayertena,Mexico,Morning
2025-09-06,53.18426307822051,37.62953469888935,68.94005932504737,Ayertena,Mexico,Morning
2025-09-07,51.50423526646487,35.62032480945134,66.84412679858455,Ayertena,Mexico,Morning
2025-09-08,60.06864939110016,43.50015912245652,76.07062390289693,Ayertena,Mexico,Morning
2025-09-09,61.66482631131663,46.690391966103356,77.92924007628208,Ayertena,Mexico,Morning
2025-09-10,61.53562635977943,46.8287750155208,76.68946869828896,Ayertena,Mexico,Morning
2025-09-11,60.18862768355301,44.14653830754068,76.1433430400175,Ayertena,Mexico,Morning
2025-09-12,64.56702356254476,50.063973171886374,79.50625848591298,Ayertena,Mexico,Morning
2025-09-13,55.71207895612801,39.18061873704613,70.36848019849181,Ayertena,Mexico,Morning
2025-09-14,49.19203434221636,33.36256604605678,63.57952439065827,Ayertena,Mexico,Morning
2025-09-15,57.911907271185015,43.41012365874988,73.81774230773814,Ayertena,Mexico,Morning
2025-09-16,59.70643343634413,44.54591092231589,75.24026130993266,Ayertena,Mexico,Morning
2025-09-17,59.816043394762765,44.56920627934248,75.42057331120874,Ayertena,Mexico,Morning
2025-09-18,59.26116710939381,44.29745120223146,75.74582475141192,Ayertena,Mexico,Morning
2025-09-19,58.997692976576076,43.87253767917327,73.8938787012788,Ayertena,Mexico,Morning
2025-09-20,49.964251017194,35.54427722992498,65.29753123563658,Ayertena,Mexico,Morning
2025-09-21,48.756019211603274,34.427681247378445,64.85765390165461,Ayertena,Mexico,Morning
2025-09-22,57.854053774696254,42.6503171667154,72.30711756630836,Ayertena,Mexico,Morning
2025-09-23,60.03801607930441,44.30054610293215,74.7459978734679,Ayertena,Mexico,Morning
2025-09-24,60.54200248562411,44.9882037179444,76.18418515607729,Ayertena,Mexico,Morning
2025-09-25,60.38001927247044,45.65124585069232,76.29774867577981,Ayertena,Mexico,Morning
2025-09-26,60.501572448548735,45.55069854565534,76.36437416266614,Ayertena,Mexico,Morning
2025-09-27,51.83907851042482,35.17107697867522,67.21426432206862,Ayertena,Mexico,Morning
2025-09-28,50.981792170910694,36.068435146415034,66.48493605001413,Ayertena,Mexico,Morning
2025-09-29,60.40524912951919,46.04594822385482,76.80480988246512,Ayertena,Mexico,Morning
2025-09-30,62.884094165910525,47.270167602065214,78.55477261879209,Ayertena,Mexico,Morning
2025-09-01,48.717208655013685,35.63149205883864,62.93386564417185,Ayertena,Mexico,Afternoon
2025-09-02,50.901639068341424,35.110998325576325,64.76522275976451,Ayertena,Mexico,Afternoon
2025-09-03,49.54371353596426,34.523291987283116,63.92697193581014,Ayertena,Mexico,Afternoon
2025-09-04,50.933240338471514,36.399077014554926,65.29596031493718,Ayertena,Mexico,Afternoon
2025-09-05,51.68130530858287,37.81046434719211,65.5835385430014,Ayertena,Mexico,Afternoon
2025-09-06,41.44772744680798,26.789873870105424,55.293585177306525,Ayertena,Mexico,Afternoon
2025-09-07,45.06261654143673,31.141633560307987,60.22706842091776,Ayertena,Mexico,Afternoon
2025-09-08,51.30122289998201,36.88582463074639,65.87180285441988,Ayertena,Mexico,Afternoon
2025-09-09,53.158871010375904,39.47565818799951,67.99959273451938,Ayertena,Mexico,Afternoon
2025-09-10,51.433229794546634,35.58875387178868,65.74229066401047,Ayertena,Mexico,Afternoon
2025-09-11,51.92156230338598,37.65917975729746,65.80487804978137,Ayertena,Mexico,Afternoon
2025-09-12,50.95361390689759,36.524509616592475,65.8035229937932,Ayertena,Mexico,Afternoon
2025-09-13,40.785608672836915,27.147644498176163,53.654361879524075,Ayertena,Mexico,Afternoon
2025-09-14,45.255795651893806,31.557770133132017,58.614517678118055,Ayertena,Mexico,Afternoon
2025-09-15,51.064855833799,36.63545982024716,66.80159787650217,Ayertena,Mexico,Afternoon
2025-09-16,52.51165941458667,37.89252520447368,65.12563033162844,Ayertena,Mexico,Afternoon
2025-09-17,50.403828315415915,35.59704996124752,64.68344661529758,Ayertena,Mexico,Afternoon
2025-09-18,51.04904317048165,36.11740519120299,65.4264610963001,Ayertena,Mexico,Afternoon
2025-09-19,51.07618096530713,36.69469759729135,65.33303540176621,Ayertena,Mexico,Afternoon
2025-09-20,40.16231358608962,25.114846837307415,54.280733533838244,Ayertena,Mexico,Afternoon
2025-09-21,43.15381965173224,28.691024796917365,56.71718552512491,Ayertena,Mexico,Afternoon
2025-09-22,48.84081145966718,34.531952518090065,61.625376324388824,Ayertena,Mexico,Afternoon
2025-09-23,50.23168002688631,36.447918645544256,65.344855457051,Ayertena,Mexico,Afternoon
2025-09-24,48.135021192720366,34.23768521782599,61.98730514403057,Ayertena,Mexico,Afternoon
2025-09-25,48.857759743999615,34.799331528853536,63.616359377931076,Ayertena,Mexico,Afternoon
2025-09-26,49.02629976764883,35.27042237032664,63.96208558892461,Ayertena,Mexico,Afternoon
2025-09-27,38.313580288546255,24.542088998430696,52.83379688318968,Ayertena,Mexico,Afternoon
2025-09-28,41.56028719963122,27.795206491229347,55.10617613486114,Ayertena,Mexico,Afternoon
2025-09-29,47.54942082289091,32.711927348665185,61.73338504117926,Ayertena,Mexico,Afternoon
2025-09-30,49.28101852836284,35.55859187172124,63.30339552392716,Ayertena,Mexico,Afternoon
2025-09-01,58.80859305165153,42.30327323687965,74.88193901216842,Ayertena,Mexico,Evening
2025-09-02,62.35986113024495,46.852535791864035,78.74305823204182,Ayertena,Mexico,Evening
2025-09-03,59.97290763298432,45.3916328977052,76.81820581108018,Ayertena,Mexico,Evening
2025-09-04,59.310794023912734,43.54560428441108,75.69001354672326,Ayertena,Mexico,Evening
2025-09-05,59.05525957027454,43.199535564897445,74.4561451187937,Ayertena,Mexico,Evening
2025-09-06,51.73413676121557,36.225309568225235,68.20419678576548,Ayertena,Mexico,Evening
2025-09-07,49.513681328226276,33.478674534822126,65.11829860474916,Ayertena,Mexico,Evening
2025-09-08,60.100735769866105,44.10548487173806,76.16417752713447,Ayertena,Mexico,Evening
2025-09-09,63.725892041398644,47.81077222778146,78.70945342651763,Ayertena,Mexico,Evening
2025-09-10,61.39803164292909,45.49337947343306,78.21968336927941,Ayertena,Mexico,Evening
2025-09-11,53.27052134549215,38.069018281083515,70.36647792231462,Ayertena,Mexico,Evening
2025-09-12,54.306758495813305,38.280040041629405,69.46411299085787,Ayertena,Mexico,Evening
2025-09-13,54.49406868482663,37.124588700022706,69.90487988272997,Ayertena,Mexico,Evening
2025-09-14,50.98261921500771,34.98316645384782,67.64075430879686,Ayertena,Mexico,Evening
2025-09-15,61.523984638408635,44.456212811520444,77.05892653765986,Ayertena,Mexico,Evening
2025-09-16,65.07874299768075,48.91223622381942,81.22447942451045,Ayertena,Mexico,Evening
2025-09-17,62.655546414443634,47.18776862472727,79.87066543134846,Ayertena,Mexico,Evening
2025-09-18,61.91530975995867,46.75612436442579,78.46944311884135,Ayertena,Mexico,Evening
2025-09-19,61.53838716624132,45.28503429186974,78.11847495657622,Ayertena,Mexico,Evening
2025-09-20,54.052052747866604,38.792420558457174,70.27986414462292,Ayertena,Mexico,Evening
2025-09-21,51.62288135855149,35.98978848416474,67.88056684519427,Ayertena,Mexico,Evening
2025-09-22,61.95894628536792,45.9253640758436,78.96182728736947,Ayertena,Mexico,Evening
2025-09-23,65.2929978144994,48.37293471660381,81.01636482353959,Ayertena,Mexico,Evening
2025-09-24,62.63699951334929,46.43160793964918,78.65997431758313,Ayertena,Mexico,Evening
2025-09-25,61.6555698783131,45.04454833491542,77.24068345281971,Ayertena,Mexico,Evening
2025-09-26,61.033094546849924,46.22642497838946,77.26733871004423,Ayertena,Mexico,Evening
2025-09-27,53.30113221122362,38.0078414674551,69.22007994865632,Ayertena,Mexico,Evening
2025-09-28,50.63071134354564,34.74078305930605,66.60340984450029,Ayertena,Mexico,Evening
2025-09-29,60.734436222707316,45.12786758849146,76.46354923530232,Ayertena,Mexico,Evening
2025-09-30,63.84956805915931,46.50094965188553,79.77081146476232,Ayertena,Mexico,Evening
2025-09-01,64.3649352790079,49.75643410703214,80.37597519364907,Bole,Merkato,Morning
2025-09-02,64.76663206953049,49.023740292273494,79.7904230601723,Bole,Merkato,Morning
2025-09-03,67.01183626780384,51.776766017617,83.75641144013301,Bole,Merkato,Morning
2025-09-04,67.15216575422683,51.81835380012467,82.01362360392945,Bole,Merkato,Morning
2025-09-05,67.75828964573417,51.68263454148823,82.91268184095188,Bole,Merkato,Morning
2025-09-06,58.99362004063873,43.371471007808154,73.98562472653565,Bole,Merkato,Morning
2025-09-07,56.737674446338104,42.56704770338214,72.81107168601551,Bole,Merkato,Morning
2025-09-08,66.81255638731422,52.63830336713315,82.65310610737647,Bole,Merkato,Morning
2025-09-09,67.24630777630234,52.30593274473636,82.09044348897369,Bole,Merkato,Morning
2025-09-10,69.48076387009232,54.62855012187814,85.60564789120465,Bole,Merkato,Morning
2025-09-11,72.81632848438764,56.82528200085108,87.40822236651401,Bole,Merkato,Morning
2025-09-12,66.09731535160877,50.45893447930524,81.57069573414309,Bole,Merkato,Morning
2025-09-13,53.93288098925376,37.788088288805106,69.24648300165768,Bole,Merkato,Morning
2025-09-14,58.7056916989593,43.44301052604154,73.66707871015797,Bole,Merkato,Morning
2025-09-15,68.5430010534253,53.0545455602794,84.1846136923871,Bole,Merkato,Morning
2025-09-16,68.69901815691155,54.27395821131491,83.42881708862593,Bole,Merkato,Morning
2025-09-17,70.61984105992086,54.74141066703947,85.37555740918224,Bole,Merkato,Morning
2025-09-18,70.3600069091016,54.76726450680883,85.32346834630668,Bole,Merkato,Morning
2025-09-19,70.49498443296099,55.08273103072252,85.00381696436753,Bole,Merkato,Morning
2025-09-20,61.1947851017954,46.10905502396576,76.80728873958974,Bole,Merkato,Morning
2025-09-21,58.34719622461347,42.95928259129218,72.90310932118844,Bole,Merkato,Morning
2025-09-22,67.78408655551273,51.90859400861733,83.1097273891347,Bole,Merkato,Morning
2025-09-23,67.54454236478334,51.96841983165169,81.96216326728678,Bole,Merkato,Morning
2025-09-24,69.0824703499515,54.51547749354984,84.1951877331524,Bole,Merkato,Morning
2025-09-25,68.46001114513365,52.72934876351888,84.74869787523954,Bole,Merkato,Morning
2025-09-26,68.25984474359942,52.8855950432662,83.3537038369826,Bole,Merkato,Morning
2025-09-27,58.65862427527098,43.190856519632575,75.03980327621835,Bole,Merkato,Morning
2025-09-28,55.55004624732605,40.432304157389524,70.33438550869661,Bole,Merkato,Morning
2025-09-29,64.77101227145496,48.92997834075493,80.69977676856747,Bole,Merkato,Morning
2025-09-30,64.36464415951565,50.29034991137026,80.02725406287247,Bole,Merkato,Morning
2025-09-01,47.16850423488554,32.30354743416031,62.88611426893236,Bole,Merkato,Afternoon
2025-09-02,45.41556360473093,30.60452887519977,61.11747778133323,Bole,Merkato,Afternoon
2025-09-03,45.74402090493365,30.767116707684785,61.14351873506898,Bole,Merkato,Afternoon
2025-09-04,47.52384173139726,31.186606465422166,62.1410548392031,Bole,Merkato,Afternoon
2025-09-05,47.01143174625983,32.562867012035795,62.27903999126234,Bole,Merkato,Afternoon
2025-09-06,36.461440765882436,21.439744708629114,52.051058298045305,Bole,Merkato,Afternoon
2025-09-07,37.19016628477186,22.300744855186416,52.32039158061098,Bole,Merkato,Afternoon
2025-09-08,46.25446047779562,30.797438123861113,61.043496048140405,Bole,Merkato,Afternoon
2025-09-09,44.50943698189849,30.79887855525917,60.06902650283224,Bole,Merkato,Afternoon
2025-09-10,44.872776523320766,29.773237399445716,59.86168034719382,Bole,Merkato,Afternoon
2025-09-11,46.81561845910862,31.311271223432566,62.02813371816013,Bole,Merkato,Afternoon
2025-09-12,48.66486919223238,33.21269878449717,63.68391150263152,Bole,Merkato,Afternoon
2025-09-13,38.133743282583914,24.629331492487253,54.130345101420616,Bole,Merkato,Afternoon
2025-09-14,36.73774310986999,23.454402743353008,51.47586978752221,Bole,Merkato,Afternoon
2025-09-15,45.97270246267517,31.472425352688486,60.454246522283064,Bole,Merkato,Afternoon
2025-09-16,44.42059472644808,27.978099166854523,58.06690063367603,Bole,Merkato,Afternoon
2025-09-17,44.995781546306866,30.37711094142876,59.365826498042715,Bole,Merkato,Afternoon
2025-09-18,47.06526721963898,31.267567341458204,61.8355612609135,Bole,Merkato,Afternoon
2025-09-19,46.88124740807353,32.141862198775485,61.29143833140598,Bole,Merkato,Afternoon
2025-09-20,36.69296315330564,22.22548545241617,51.09343417211652,Bole,Merkato,Afternoon
2025-09-21,37.810187727348406,22.600631848110087,53.499178121848225,Bole,Merkato,Afternoon
2025-09-22,47.282249356762364,31.887950201984168,62.94346046638355,Bole,Merkato,Afternoon
2025-09-23,45.955884200039236,30.89091343259017,61.12992189529263,Bole,Merkato,Afternoon
2025-09-24,46.73971582908421,30.92712382023394,62.064137351702705,Bole,Merkato,Afternoon
2025-09-25,48.995172949448715,34.77562407540809,64.11107707483056,Bole,Merkato,Afternoon
2025-09-26,48.96918198153034,35.45002695050348,63.49004696275254,Bole,Merkato,Afternoon
2025-09-27,38.90616172814348,23.514070285223642,54.84510026949854,Bole,Merkato,Afternoon
2025-09-28,40.111643887994,25.267786911042435,54.25435016087512,Bole,Merkato,Afternoon
2025-09-29,49.631418775851316,34.21384776273347,65.46038126686578,Bole,Merkato,Afternoon
2025-09-30,48.30949714295956,33.45192737812076,63.6546758142469,Bole,Merkato,Afternoon
2025-09-01,56.7849012701651,42.67571001864659,71.07917620929422,Bole,Merkato,Evening
2025-09-02,58.8740548131148,43.63363075051408,73.31096302138728,Bole,Merkato,Evening
2025-09-03,59.840861376996465,45.394937704348024,74.0594877581455,Bole,Merkato,Evening
2025-09-04,58.94675249294103,44.01805587476467,73.43346489187682,Bole,Merkato,Evening
2025-09-05,59.146304619148026,42.67768442897583,74.0281691622542,Bole,Merkato,Evening
2025-09-06,49.86197954499622,35.32744835534603,63.515707785247486,Bole,Merkato,Evening
2025-09-07,45.46189010140121,30.704301406046454,60.50174812417189,Bole,Merkato,Evening
2025-09-08,55.99632210739704,41.25755253297889,70.38287348946844,Bole,Merkato,Evening
2025-09-09,57.935078327969975,44.02076186868913,72.38426070315401,Bole,Merkato,Evening
2025-09-10,58.76747159165439,42.31468959033791,73.9979992150341,Bole,Merkato,Evening
2025-09-11,65.90675793163038,51.934596700106965,81.1067012737785,Bole,Merkato,Evening
2025-09-12,68.0563122026828,53.13124820109344,82.06399922138593,Bole,Merkato,Evening
2025-09-13,50.550893313690636,34.94801084943026,65.03011293584188,Bole,Merkato,Evening
2025-09-14,44.05843980784603,29.59741865193783,58.52760772439296,Bole,Merkato,Evening
2025-09-15,54.5707110954512,39.36748667633919,68.90103574772296,Bole,Merkato,Evening
2025-09-16,56.51319752963206,40.25282577182997,70.60003236129651,Bole,Merkato,Evening
2025-09-17,57.375188288218276,42.87474089087271,72.0541221707279,Bole,Merkato,Evening
2025-09-18,56.420213207351935,41.855985000320736,70.55981690381226,Bole,Merkato,Evening
2025-09-19,56.604080534842,42.30480447656122,71.35437397683452,Bole,Merkato,Evening
2025-09-20,47.349579272893216,34.31343716241319,61.87455409641357,Bole,Merkato,Evening
2025-09-21,43.024225968383476,28.660826021891115,57.963755685543916,Bole,Merkato,Evening
2025-09-22,53.67678787147809,38.454051314954135,68.58603639424251,Bole,Merkato,Evening
2025-09-23,55.774648757656706,41.75464360824393,71.22908451913831,Bole,Merkato,Evening
2025-09-24,56.803844582022606,42.19950726239135,71.30213359377663,Bole,Merkato,Evening
2025-09-25,56.024391033419896,41.82035717514114,70.7122204873418,Bole,Merkato,Evening
2025-09-26,56.38839872293965,40.537575231935385,71.62236884820915,Bole,Merkato,Evening
2025-09-27,47.314858421725575,32.39652084288457,62.24083237571495,Bole,Merkato,Evening
2025-09-28,43.16747427032469,28.788435629973943,57.57283168867035,Bole,Merkato,Evening
2025-09-29,53.99127481307476,39.56374493970851,69.24450060870724,Bole,Merkato,Evening
2025-09-30,56.2500660035649,41.388948213370455,70.64237618682544,Bole,Merkato,Evening
2025-09-01,64.39274967413729,49.97568204125741,79.32004210324075,Piassa,Gullele,Morning
2025-09-02,64.97884584052927,50.34635819673055,79.31326389846078,Piassa,Gullele,Morning
2025-09-03,63.065508515665265,48.42703569859488,76.61382503582229,Piassa,Gullele,Morning
2025-09-04,63.17107554559793,48.68416881536754,77.61875868182001,Piassa,Gullele,Morning
2025-09-05,67.26666070779683,52.66767005767469,81.07880925798375,Piassa,Gullele,Morning
2025-09-06,56.49641512334424,42.618057538525285,71.12063972079748,Piassa,Gullele,Morning
2025-09-07,55.167227707441235,40.36113898653524,69.31092857262072,Piassa,Gullele,Morning
2025-09-08,64.58009211715289,50.150331317117704,79.13895873069663,Piassa,Gullele,Morning
2025-09-09,65.02680733181478,50.86095811662918,79.687888457352,Piassa,Gullele,Morning
2025-09-10,62.985004520124654,48.78463882964227,77.3171326893198,Piassa,Gullele,Morning
2025-09-11,65.06208881307163,50.01688945548238,78.616126716989,Piassa,Gullele,Morning
2025-09-12,66.9074343986428,52.771832037460776,80.92757775231209,Piassa,Gullele,Morning
2025-09-13,53.958047180040474,40.12244816635041,68.45184450093551,Piassa,Gullele,Morning
2025-09-14,54.69667281372665,39.442206771933456,68.21518032198114,Piassa,Gullele,Morning
2025-09-15,64.04304503333564,49.955013786290195,78.63889459348779,Piassa,Gullele,Morning
2025-09-16,64.43431491426382,49.9834396874926,78.56881740416273,Piassa,Gullele,Morning
2025-09-17,62.34681192642883,48.44339824961845,77.38212745903915,Piassa,Gullele,Morning
2025-09-18,62.29832537621414,47.76809980130079,77.4359874793588,Piassa,Gullele,Morning
2025-09-19,66.25878144168263,50.55910381855281,80.32624844621238,Piassa,Gullele,Morning
2025-09-20,55.37055926982156,40.865928269650766,70.49301161188927,Piassa,Gullele,Morning
2025-09-21,53.93826345265175,39.48188481667766,68.01404746960554,Piassa,Gullele,Morning
2025-09-22,63.2601785084296,48.991614107134126,78.51673300711697,Piassa,Gullele,Morning
2025-09-23,63.62507020961013,46.7772143451022,77.21507897888017,Piassa,Gullele,Morning
2025-09-24,61.507323715414955,47.24219092510849,76.82764786467936,Piassa,Gullele,Morning
2025-09-25,61.42297739812146,46.62649275441468,77.18801583864327,Piassa,Gullele,Morning
2025-09-26,65.3404667923271,50.06248569986261,79.40865173638545,Piassa,Gullele,Morning
2025-09-27,54.401001055881814,38.76922658921591,68.2978807744522,Piassa,Gullele,Morning
2025-09-28,52.908387429150615,37.402989731861105,67.84454039148358,Piassa,Gullele,Morning
2025-09-29,62.16052769213716,46.78777823757212,76.84504221322696,Piassa,Gullele,Morning
2025-09-30,62.44625008418278,47.92680238178222,76.97744664461068,Piassa,Gullele,Morning
2025-09-01,43.720944657226106,28.559799652990613,57.82492874782653,Piassa,Gullele,Afternoon
2025-09-02,44.50963151160144,29.359851050099667,59.61418514705,Piassa,Gullele,Afternoon
2025-09-03,43.795985870668765,29.994661763926207,58.720288244360454,Piassa,Gullele,Afternoon
2025-09-04,46.59167916407569,31.618237992217512,60.64540386993099,Piassa,Gullele,Afternoon
2025-09-05,47.282470991488786,31.946924224196565,60.98291839310085,Piassa,Gullele,Afternoon
2025-09-06,36.88785983543296,22.141852273407252,51.94213115192007,Piassa,Gullele,Afternoon
2025-09-07,37.629912310362926,22.222703208191305,53.235982143428586,Piassa,Gullele,Afternoon
2025-09-08,46.2952187252575,31.583367778867867,61.69269854301182,Piassa,Gullele,Afternoon
2025-09-09,47.036042578118874,31.11877315150943,61.26225145253126,Piassa,Gullele,Afternoon
2025-09-10,46.22232047728643,31.783899221146285,61.334888098079354,Piassa,Gullele,Afternoon
2025-09-11,52.918999616003035,37.4769809462527,67.40751272817062,Piassa,Gullele,Afternoon
2025-09-12,45.68516428087777,30.9036469676749,61.0416019597509,Piassa,Gullele,Afternoon
2025-09-13,30.999801874049894,15.691612124730735,46.314283788326485,Piassa,Gullele,Afternoon
2025-09-14,39.191927876442506,23.93113677156432,53.02598424791232,Piassa,Gullele,Afternoon
2025-09-15,47.547114266807206,33.02531400116372,61.60187900709986,Piassa,Gullele,Afternoon
2025-09-16,47.95136573179944,33.2896864374634,64.75176181805591,Piassa,Gullele,Afternoon
2025-09-17,46.781035965343904,31.042118132723516,60.82473737439285,Piassa,Gullele,Afternoon
2025-09-18,49.056680780365966,32.89730862975684,64.6272371395691,Piassa,Gullele,Afternoon
2025-09-19,49.17401019803533,33.49395736346081,63.60415388909937,Piassa,Gullele,Afternoon
2025-09-20,38.163315066264694,23.27942480130156,53.098471228910576,Piassa,Gullele,Afternoon
2025-09-21,38.2580587899528,22.700983250842405,53.679175832839306,Piassa,Gullele,Afternoon
2025-09-22,46.25658803014233,31.854677890344327,62.206370664715045,Piassa,Gullele,Afternoon
2025-09-23,46.32303614393821,31.62656636296704,62.44793405651192,Piassa,Gullele,Afternoon
2025-09-24,44.839081916386384,30.629795070264546,59.81242539662759,Piassa,Gullele,Afternoon
2025-09-25,46.82999410521744,31.801308164162045,61.85423735726281,Piassa,Gullele,Afternoon
2025-09-26,46.695514053067,32.70362054421141,60.502774081406756,Piassa,Gullele,Afternoon
2025-09-27,35.46923206027959,20.19457366514651,50.301810959164676,Piassa,Gullele,Afternoon
2025-09-28,35.3871486713872,20.642596002240683,51.15116238281758,Piassa,Gullele,Afternoon
2025-09-29,43.24937472721724,28.987459085293693,57.38122255230445,Piassa,Gullele,Afternoon
2025-09-30,43.2210433847521,28.364983954237914,57.863968582877256,Piassa,Gullele,Afternoon
2025-09-01,56.66838674699022,41.868100470126805,71.81265909200357,Piassa,Gullele,Evening
2025-09-02,53.675310872568765,37.92122248894024,68.78181024053688,Piassa,Gullele,Evening
2025-09-03,52.62141918922229,37.44681528148762,67.66728408845957,Piassa,Gullele,Evening
2025-09-04,53.25210853578445,37.81298408933131,68.44680021278376,Piassa,Gullele,Evening
2025-09-05,57.00425728555678,42.47297349129723,71.2813376541733,Piassa,Gullele,Evening
2025-09-06,45.69459002944878,30.496782491596907,60.666928152645134,Piassa,Gullele,Evening
2025-09-07,44.09844953368152,30.42885066230377,59.38844579310031,Piassa,Gullele,Evening
2025-09-08,56.449387946892905,41.800205689851964,72.17449497399811,Piassa,Gullele,Evening
2025-09-09,54.05516241409318,38.82579050791511,69.09562521929175,Piassa,Gullele,Evening
2025-09-10,53.62673326439001,38.84401310974304,68.30328456863741,Piassa,Gullele,Evening
2025-09-11,51.00552839888468,35.43167675056604,65.9638855450472,Piassa,Gullele,Evening
2025-09-12,53.09904711098827,38.598460176348176,68.29140278452964,Piassa,Gullele,Evening
2025-09-13,46.298043486377956,30.949282887749707,61.38260334614191,Piassa,Gullele,Evening
2025-09-14,47.582466875006986,33.09752859016339,61.858461460570574,Piassa,Gullele,Evening
2025-09-15,60.471555207729274,44.678271661525805,75.0562371875709,Piassa,Gullele,Evening
2025-09-16,58.553343926268326,43.10875840865017,73.32268752728072,Piassa,Gullele,Evening
2025-09-17,58.525496989634576,43.63045226908195,73.87093537433522,Piassa,Gullele,Evening
2025-09-18,60.10759554203801,46.393606492447375,75.06576517804078,Piassa,Gullele,Evening
2025-09-19,64.71162426751896,49.36147497574119,79.07342292734785,Piassa,Gullele,Evening
2025-09-20,54.130986771976495,38.78297002755116,69.18697871621862,Piassa,Gullele,Evening
2025-09-21,53.119900823978114,37.86888852599106,67.65516451128615,Piassa,Gullele,Evening
2025-09-22,65.89356873532321,49.00607065153007,80.49275809905757,Piassa,Gullele,Evening
2025-09-23,63.74469231859797,48.49383054142538,78.77038061103926,Piassa,Gullele,Evening
2025-09-24,63.37291627239288,48.28139469922286,78.38177247477554,Piassa,Gullele,Evening
2025-09-25,64.50247340072112,49.83745292640048,78.93178207143988,Piassa,Gullele,Evening
2025-09-26,68.55260312161823,53.778769714531826,83.67930253439346,Piassa,Gullele,Evening
2025-09-27,57.32643327205343,41.75309057421827,71.95201915383963,Piassa,Gullele,Evening
2025-09-28,55.59017882363427,39.22432216676618,69.53772238391387,Piassa,Gullele,Evening
2025-09-29,67.57305722808243,52.59361867096677,83.83188574502597,Piassa,Gullele,Evening
2025-09-30,64.5834958111493,49.65374541181242,80.13189634109878,Piassa,Gullele,Evening
